{"cameraMode":{"drawMode":0,"name":"Shaded","section":"Shading Mode"},"sceneLighting":false,"audioPlay":false,"sceneViewState":{"showFog":true,"showMaterialUpdate":false,"showSkybox":false,"showFlares":true,"showImageEffects":true,"showParticleSystems":true},"in2DMode":false,"pivot":{"x":0.2565690279006958,"y":-5.876208305358887,"z":-0.36695051193237307},"rotation":{"x":0.0567384734749794,"y":-0.08973251283168793,"z":0.0051203565672039989,"w":0.9943353533744812},"size":83.39696502685547,"orthographic":false}