{"cameraMode":{"drawMode":0,"name":"Shaded","section":"Shading Mode"},"sceneLighting":false,"audioPlay":false,"sceneViewState":{"showFog":true,"showMaterialUpdate":false,"showSkybox":false,"showFlares":true,"showImageEffects":true,"showParticleSystems":true},"in2DMode":false,"pivot":{"x":-1.9360828399658204,"y":-2.0495495796203615,"z":-0.6418495178222656},"rotation":{"x":-0.056181419640779498,"y":-0.1654627025127411,"z":-0.009441626258194447,"w":0.9845701456069946},"size":5.489537715911865,"orthographic":false}