{"cameraMode":{"drawMode":0,"name":"Shaded","section":"Shading Mode"},"sceneLighting":false,"audioPlay":false,"sceneViewState":{"showFog":true,"showMaterialUpdate":false,"showSkybox":true,"showFlares":true,"showImageEffects":true,"showParticleSystems":true},"in2DMode":false,"pivot":{"x":247.96566772460938,"y":105.91763305664063,"z":226.763427734375},"rotation":{"x":0.034430716186761859,"y":-0.061105091124773028,"z":0.0021181695628911258,"w":0.9976224303245544},"size":2.3282485008239748,"orthographic":false}