{"cameraMode":{"drawMode":0,"name":"Shaded","section":"Shading Mode"},"sceneLighting":true,"audioPlay":false,"sceneViewState":{"showFog":true,"showMaterialUpdate":false,"showSkybox":true,"showFlares":true,"showImageEffects":true,"showParticleSystems":true},"in2DMode":false,"pivot":{"x":183.67738342285157,"y":70.04893493652344,"z":396.9939880371094},"rotation":{"x":-0.11433207243680954,"y":-0.885246992111206,"z":0.3050752878189087,"w":-0.33236005902290347},"size":10.0,"orthographic":false}