{"cameraMode":{"drawMode":0,"name":"Shaded","section":"Shading Mode"},"sceneLighting":false,"audioPlay":false,"sceneViewState":{"showFog":true,"showMaterialUpdate":true,"showSkybox":true,"showFlares":true,"showImageEffects":true,"showParticleSystems":true},"in2DMode":false,"pivot":{"x":233.39613342285157,"y":5.919697284698486,"z":280.84228515625},"rotation":{"x":-0.09679076820611954,"y":0.485933393239975,"z":-0.053886473178863528,"w":-0.8670291304588318},"size":1.1150283813476563,"orthographic":false}