{"cameraMode":{"drawMode":0,"name":"Shaded","section":"Shading Mode"},"sceneLighting":false,"audioPlay":false,"sceneViewState":{"showFog":true,"showMaterialUpdate":false,"showSkybox":false,"showFlares":true,"showImageEffects":true,"showParticleSystems":true},"in2DMode":false,"pivot":{"x":2.7918548583984377,"y":1.9455814361572266,"z":2.2348012924194338},"rotation":{"x":-0.002312321914359927,"y":0.9829118251800537,"z":-0.18374836444854737,"w":-0.01267083641141653},"size":2.4557607173919679,"orthographic":false}