{"cameraMode":{"drawMode":0,"name":"Shaded","section":"Shading Mode"},"sceneLighting":false,"audioPlay":false,"sceneViewState":{"showFog":true,"showMaterialUpdate":false,"showSkybox":false,"showFlares":true,"showImageEffects":true,"showParticleSystems":true},"in2DMode":false,"pivot":{"x":207.52597045898438,"y":27.65308380126953,"z":274.32366943359377},"rotation":{"x":0.21118555963039399,"y":0.17456327378749848,"z":-0.03830850496888161,"w":0.9609978795051575},"size":1.61034095287323,"orthographic":false}