{"cameraMode":{"drawMode":0,"name":"Shaded","section":"Shading Mode"},"sceneLighting":true,"audioPlay":false,"sceneViewState":{"showFog":true,"showMaterialUpdate":false,"showSkybox":true,"showFlares":true,"showImageEffects":true,"showParticleSystems":true},"in2DMode":false,"pivot":{"x":218.6912841796875,"y":17.118675231933595,"z":256.1763000488281},"rotation":{"x":0.17199371755123139,"y":0.34109628200531008,"z":-0.06388416886329651,"w":0.9220710396766663},"size":0.25558212399482729,"orthographic":false}