{"cameraMode":{"drawMode":0,"name":"Shaded","section":"Shading Mode"},"sceneLighting":true,"audioPlay":false,"sceneViewState":{"showFog":true,"showMaterialUpdate":true,"showSkybox":true,"showFlares":true,"showImageEffects":true,"showParticleSystems":true},"in2DMode":false,"pivot":{"x":263.7783508300781,"y":22.597909927368165,"z":258.1608581542969},"rotation":{"x":0.1410546600818634,"y":-0.4153641164302826,"z":0.06517794728279114,"w":0.8964219093322754},"size":2.050675392150879,"orthographic":false}