{"cameraMode":{"drawMode":0,"name":"Shaded","section":"Shading Mode"},"sceneLighting":false,"audioPlay":false,"sceneViewState":{"showFog":true,"showMaterialUpdate":false,"showSkybox":true,"showFlares":true,"showImageEffects":true,"showParticleSystems":true},"in2DMode":false,"pivot":{"x":301.1576232910156,"y":-0.35626840591430666,"z":260.9178161621094},"rotation":{"x":-0.02139165997505188,"y":-0.8134362697601318,"z":0.03079749085009098,"w":-0.5806779861450195},"size":35.9836540222168,"orthographic":false}