{"cameraMode":{"drawMode":0,"name":"Shaded","section":"Shading Mode"},"sceneLighting":true,"audioPlay":false,"sceneViewState":{"showFog":true,"showMaterialUpdate":true,"showSkybox":true,"showFlares":true,"showImageEffects":true,"showParticleSystems":true},"in2DMode":false,"pivot":{"x":161.12692260742188,"y":16.375652313232423,"z":302.6965637207031},"rotation":{"x":0.019060293212532998,"y":-0.8477438688278198,"z":-0.03053920716047287,"w":-0.52945876121521},"size":7.066676139831543,"orthographic":false}