{"cameraMode":{"drawMode":0,"name":"Shaded","section":"Shading Mode"},"sceneLighting":false,"audioPlay":false,"sceneViewState":{"showFog":true,"showMaterialUpdate":false,"showSkybox":true,"showFlares":true,"showImageEffects":true,"showParticleSystems":true},"in2DMode":false,"pivot":{"x":32.92973327636719,"y":75.15801239013672,"z":174.10679626464845},"rotation":{"x":-0.027046406641602517,"y":0.8942844271659851,"z":-0.053527552634477618,"w":-0.4437527060508728},"size":30.664785385131837,"orthographic":false}